store_cd,avg_amount
S13052,402.8674698795180723
S13019,330.2086158755484643
S13003,350.9155188246097337
S14045,330.0820734341252700
S13004,330.9439490445859873
S13001,348.4703862660944206
S14026,332.3405884723901653
S14010,348.7912621359223301
S13015,351.1119604316546763
S12013,330.1941299790356394
S14047,330.0770731707317073
S14011,335.7183333333333333
S13020,337.8799321170980059
