customer_id,sum_amount,log_amount
CS001311000059,2302,7.7417507681294619
CS004614000122,248,5.5154428455366834
CS003512000043,298,5.6987699328326568
CS011615000061,246,5.5073619934827448
CS029212000033,3604,8.1899383438446333
CS007515000119,7157,8.8759160369722701
CS034515000123,3699,8.2159529543656056
CS004315000058,490,6.1954252790054178
CS026414000014,6671,8.8056000011824754
CS001615000099,768,6.6444405629786506
