customer_id,sum_amount,scale_amount
CS001311000059,2302,0.09697601668404588113
CS004614000122,248,0.00773375043448036149
CS003512000043,298,0.00990615224191866528
CS011615000061,246,0.00764685436218282934
CS029212000033,3604,0.15354535974973931178
CS007515000119,7157,0.30791623218630517901
CS034515000123,3699,0.15767292318387208898
CS004315000058,490,0.01824817518248175182
CS026414000014,6671,0.28680048661800486618
CS001615000099,768,0.03032672923183872089
