customer_id,sum_amount,std_amount
CS001311000059,2302,-0.09032946448390523062
CS004614000122,248,-0.84533488878695858131
CS003512000043,298,-0.82695598361891930792
CS011615000061,246,-0.84607004499368015224
CS029212000033,3604,0.38825722609183744835
CS007515000119,7157,1.6942622273327082
CS034515000123,3699,0.42317714591111206778
CS004315000058,490,-0.75638098777364849812
CS026414000014,6671,1.5156192690993665
CS001615000099,768,-0.65419427503935013810
