customer_id,sum_amount,std_amount
CS001311000059,2302,-0.09032402671702291270
CS004614000122,248,-0.84528400025253654164
CS003512000043,298,-0.82690620148098070841
CS011615000061,246,-0.84601911220339877497
CS029212000033,3604,0.38823385329429098451
CS007515000119,7157,1.6941602340010485
CS034515000123,3699,0.42315167096024706764
CS004315000058,490,-0.75633545419820630882
CS026414000014,6671,1.5155280299415258
CS001615000099,768,-0.65415489302835587608
