store_cd,avg_amount
S13052,402.8674698795180723
S13015,351.1119604316546763
S13003,350.9155188246097337
S14010,348.7912621359223301
S13001,348.4703862660944206
