store_cd,vars_amount
S13052,440088.701311269173
S14011,306314.558163888889
S14034,296920.081011283873
S13001,295431.993329035348
S13015,295294.361115940880
