store_cd,stds_amount
S13052,663.391815830787
S14011,553.456916267101
S14034,544.903735545357
S13001,543.536561170484
S13015,543.409938366921
