customer_id,sum_amount,log_amount
CS001311000059,2302,3.3621996388688865
CS004614000122,248,2.3953263930693509
CS003512000043,298,2.4749443354653879
CS011615000061,246,2.3918169236132488
CS029212000033,3604,3.5568450298595813
CS007515000119,7157,3.8547613566936362
CS034515000123,3699,3.5681430316577019
CS004315000058,490,2.6906390117159673
CS026414000014,6671,3.8242234903608168
CS001615000099,768,2.8856438718357639
